"bot_interaction","after","interaction_senti","retweet_count_original","like_count_interaction","burstiness","topic","ols_pred","ols_low","ols_up"
0,0,0.00318465189873417,30.4810126582278,1.79113924050633,-0.00209348786832633,1,-0.196285258293899,-0.250700147882223,-0.141870368705576
1,0,0.00318465189873417,30.4810126582278,1.79113924050633,-0.00209348786832633,1,-0.178866431283045,-0.220628167733101,-0.137104694832989
0,1,0.00318465189873417,30.4810126582278,1.79113924050633,-0.00209348786832633,1,-0.0570476184438685,-0.111462508032194,-0.00263272885554301
1,1,0.00318465189873417,30.4810126582278,1.79113924050633,-0.00209348786832633,1,-0.161730315462143,-0.203492051912198,-0.119968579012088
