"bot_interaction","after","interaction_senti","retweet_count_original","like_count_interaction","burstiness","topic","ols_pred","ols_low","ols_up"
0,0,0.00318465189873417,30.4810126582278,1.79113924050633,-0.00209348786832633,2,-0.532613532834397,-0.663680302649318,-0.401546763019477
1,0,0.00318465189873417,30.4810126582278,1.79113924050633,-0.00209348786832633,2,-0.371138822918828,-0.482684718890599,-0.259592926947056
0,1,0.00318465189873417,30.4810126582278,1.79113924050633,-0.00209348786832633,2,-0.435890810612173,-0.566957580427094,-0.304824040797252
1,1,0.00318465189873417,30.4810126582278,1.79113924050633,-0.00209348786832633,2,-0.360102271919415,-0.471648167891187,-0.248556375947644
