"bot_interaction","after","interaction_senti","user_interaction_opinion","retweet_count_original","like_count_interaction","astroturf_score_bot","burstiness","topic","ols_pred","ols_low","ols_up"
0,0,0.0861321918748892,0.0558612440191388,18.3939393939394,2.96212121212121,1.73257575757576,0.0289235756761566,1,-0.12951781967384,-0.198217966028121,-0.060817673319559
1,0,0.0861321918748892,0.0558612440191388,18.3939393939394,2.96212121212121,1.73257575757576,0.0289235756761566,1,-0.136522771928471,-0.203965080033953,-0.0690804638229899
0,1,0.0861321918748892,0.0558612440191388,18.3939393939394,2.96212121212121,1.73257575757576,0.0289235756761566,1,0.15750706921504,0.0888069228607596,0.22620721556932
1,1,0.0861321918748892,0.0558612440191388,18.3939393939394,2.96212121212121,1.73257575757576,0.0289235756761566,1,-0.0977938946639354,-0.165236202769417,-0.0303515865584536
