"bot_interaction","after","interaction_senti","retweet_count_original","like_count_interaction","burstiness","topic","ols_pred","ols_low","ols_up"
0,0,0.00318465189873417,30.4810126582278,1.79113924050633,-0.00209348786832633,1,-0.170386181354626,-0.208261286047862,-0.132511076661391
1,0,0.00318465189873417,30.4810126582278,1.79113924050633,-0.00209348786832633,1,-0.0634132281617268,-0.0947754859080254,-0.0320509704154282
0,1,0.00318465189873417,30.4810126582278,1.79113924050633,-0.00209348786832633,1,-0.0555930164826011,-0.0934681211758393,-0.017717911789363
1,1,0.00318465189873417,30.4810126582278,1.79113924050633,-0.00209348786832633,1,-0.0571294339780945,-0.0884916917243921,-0.0257671762317968
