"bot_interaction","after","interaction_senti","user_interaction_opinion","retweet_count_original","like_count_interaction","astroturf_score_bot","burstiness","topic","ols_pred","ols_low","ols_up"
0,0,-0.0102986344537815,-0.334490351696234,24.921568627451,1.72549019607843,2.13725490196078,0.1513812459241,1,-1.25207117329656,-1.61604248349704,-0.888099863096075
1,0,-0.0102986344537815,-0.334490351696234,24.921568627451,1.72549019607843,2.13725490196078,0.1513812459241,1,0.654838609388186,0.430924429717797,0.878752789058575
0,1,-0.0102986344537815,-0.334490351696234,24.921568627451,1.72549019607843,2.13725490196078,0.1513812459241,1,-1.70417811861056,-2.10074382901524,-1.30761240820588
1,1,-0.0102986344537815,-0.334490351696234,24.921568627451,1.72549019607843,2.13725490196078,0.1513812459241,1,0.370629327955114,0.144838214279131,0.596420441631096
