"bot_interaction","after","interaction_senti","user_interaction_opinion","retweet_count_original","like_count_interaction","astroturf_score_bot","burstiness","topic","ols_pred","ols_low","ols_up"
0,0,0.0861321918748892,0.0558612440191388,18.3939393939394,2.96212121212121,1.73257575757576,0.0289235756761566,1,-2.61358361310847,-3.27396333514423,-1.9532038910727
1,0,0.0861321918748892,0.0558612440191388,18.3939393939394,2.96212121212121,1.73257575757576,0.0289235756761566,1,-1.66954186834005,-2.29254028928155,-1.04654344739854
0,1,0.0861321918748892,0.0558612440191388,18.3939393939394,2.96212121212121,1.73257575757576,0.0289235756761566,1,-2.49349709112787,-3.14595376576441,-1.84104041649133
1,1,0.0861321918748892,0.0558612440191388,18.3939393939394,2.96212121212121,1.73257575757576,0.0289235756761566,1,-1.83948280750332,-2.46623104132328,-1.21273457368336
