"bot_interaction","after","interaction_senti","user_interaction_opinion","retweet_count_original","like_count_interaction","astroturf_score_bot","burstiness","topic","ols_pred","ols_low","ols_up"
0,0,0.101659438378925,0.186116750509043,18.2252964426877,2.60474308300395,2.04466403162055,-0.0730008985255684,1,-0.220768942378373,-0.406493461411962,-0.0350444233447847
1,0,0.101659438378925,0.186116750509043,18.2252964426877,2.60474308300395,2.04466403162055,-0.0730008985255684,1,-0.895734643339557,-1.09004766334328,-0.701421623335834
0,1,0.101659438378925,0.186116750509043,18.2252964426877,2.60474308300395,2.04466403162055,-0.0730008985255684,1,-0.232534659272404,-0.418327738888764,-0.0467415796560444
1,1,0.101659438378925,0.186116750509043,18.2252964426877,2.60474308300395,2.04466403162055,-0.0730008985255684,1,-0.652321751224292,-0.845061391013914,-0.459582111434671
