"bot_interaction","after","interaction_senti","retweet_count_original","like_count_interaction","burstiness","topic","ols_pred","ols_low","ols_up"
0,0,0.00318465189873417,30.4810126582278,1.79113924050633,-0.00209348786832633,1,-0.0147240187888815,-0.255258101101439,0.225810063523676
1,0,0.00318465189873417,30.4810126582278,1.79113924050633,-0.00209348786832633,1,-0.631904926729042,-0.839693960441592,-0.424115893016493
0,1,0.00318465189873417,30.4810126582278,1.79113924050633,-0.00209348786832633,1,-0.248981408229125,-0.491857128478682,-0.00610568797956673
1,1,0.00318465189873417,30.4810126582278,1.79113924050633,-0.00209348786832633,1,-0.410890731353901,-0.617106931055738,-0.204674531652065
