"bot_interaction","after","interaction_senti","retweet_count_original","like_count_interaction","burstiness","topic","ols_pred","ols_low","ols_up"
0,0,0.108011098854309,14.483282674772,2.86626139817629,0.00280111315372819,1,-0.129487031036007,-0.170190351198358,-0.0887837108736556
1,0,0.108011098854309,14.483282674772,2.86626139817629,0.00280111315372819,1,-0.0885773642666818,-0.129842181381061,-0.0473125471523022
0,1,0.108011098854309,14.483282674772,2.86626139817629,0.00280111315372819,1,-0.0459390081870871,-0.0866423283494387,-0.0052356880247354
1,1,0.108011098854309,14.483282674772,2.86626139817629,0.00280111315372819,1,-0.0893551417985713,-0.130619958912951,-0.0480903246841917
