"bot_interaction","after","user_interaction_opinion","interaction_senti","retweet_count_original","like_count_interaction","astroturf_score_bot","burstiness","topic","ols_pred","ols_low","ols_up"
0,0,0.0558612440191388,0.0861321918748892,18.3939393939394,2.96212121212121,1.73257575757576,0.0289235756761566,2,-0.322821974860629,-0.4140007526425,-0.231643197078759
1,0,0.0558612440191388,0.0861321918748892,18.3939393939394,2.96212121212121,1.73257575757576,0.0289235756761566,2,-0.324739581675037,-0.407121892961898,-0.242357270388177
0,1,0.0558612440191388,0.0861321918748892,18.3939393939394,2.96212121212121,1.73257575757576,0.0289235756761566,2,0.032969197978874,-0.0582095798029963,0.124147975760744
1,1,0.0558612440191388,0.0861321918748892,18.3939393939394,2.96212121212121,1.73257575757576,0.0289235756761566,2,-0.289321754189659,-0.37170406547652,-0.206939442902798
