"bot_interaction","after","interaction_senti","retweet_count_original","like_count_interaction","burstiness","topic","ols_pred","ols_low","ols_up"
0,0,0.00318465189873417,30.4810126582278,1.79113924050633,-0.00209348786832633,1,0.126069145733891,-0.132128712692042,0.384267004159825
1,0,0.00318465189873417,30.4810126582278,1.79113924050633,-0.00209348786832633,1,-0.592107382237023,-0.812356690159006,-0.37185807431504
0,1,0.00318465189873417,30.4810126582278,1.79113924050633,-0.00209348786832633,1,-0.117018350657434,-0.377575606892313,0.143538905577445
1,1,0.00318465189873417,30.4810126582278,1.79113924050633,-0.00209348786832633,1,-0.442540980215551,-0.66165931696598,-0.223422643465122
