"bot_interaction","after","interaction_senti","retweet_count_original","like_count_interaction","burstiness","topic","ols_pred","ols_low","ols_up"
0,0,0.108011098854309,14.483282674772,2.86626139817629,0.00280111315372819,1,-0.661678615916546,-0.861245311216381,-0.46211192061671
1,0,0.108011098854309,14.483282674772,2.86626139817629,0.00280111315372819,1,-0.335994448699282,-0.526441750659472,-0.145547146739091
0,1,0.108011098854309,14.483282674772,2.86626139817629,0.00280111315372819,1,-0.570031859033367,-0.768681437348268,-0.371382280718466
1,1,0.108011098854309,14.483282674772,2.86626139817629,0.00280111315372819,1,-0.313698930995298,-0.503997745038567,-0.123400116952028
