"bot_interaction","after","interaction_senti","user_interaction_opinion","retweet_count_original","like_count_interaction","astroturf_score_bot","burstiness","topic","ols_pred","ols_low","ols_up"
0,0,0.101659438378925,0.186116750509043,18.2252964426877,2.60474308300395,2.04466403162055,-0.0730008985255684,1,-0.162767608297421,-0.205476545051456,-0.120058671543387
1,0,0.101659438378925,0.186116750509043,18.2252964426877,2.60474308300395,2.04466403162055,-0.0730008985255684,1,-0.0805934579221356,-0.125883468676089,-0.0353034471681822
0,1,0.101659438378925,0.186116750509043,18.2252964426877,2.60474308300395,2.04466403162055,-0.0730008985255684,1,-0.0912192418910662,-0.133928178645102,-0.04851030513703
1,1,0.101659438378925,0.186116750509043,18.2252964426877,2.60474308300395,2.04466403162055,-0.0730008985255684,1,-0.0442285574838269,-0.0895185682377807,0.00106145327012688
