"bot_interaction","after","interaction_senti","user_interaction_opinion","retweet_count_original","like_count_interaction","astroturf_score_bot","burstiness","topic","ols_pred","ols_low","ols_up"
0,0,0.101659438378925,0.186116750509043,18.2252964426877,2.60474308300395,2.04466403162055,-0.0730008985255684,1,-0.0918811701080643,-0.348736092670716,0.164973752454587
1,0,0.101659438378925,0.186116750509043,18.2252964426877,2.60474308300395,2.04466403162055,-0.0730008985255684,1,-0.885319323095351,-1.16317426992616,-0.607464376264541
0,1,0.101659438378925,0.186116750509043,18.2252964426877,2.60474308300395,2.04466403162055,-0.0730008985255684,1,-0.0556904184432119,-0.312282297156292,0.200901460269869
1,1,0.101659438378925,0.186116750509043,18.2252964426877,2.60474308300395,2.04466403162055,-0.0730008985255684,1,-0.861216217608046,-1.13885847430872,-0.583573960907373
