"bot_interaction","after","interaction_senti","user_interaction_opinion","retweet_count_original","like_count_interaction","astroturf_score_bot","burstiness","topic","ols_pred","ols_low","ols_up"
0,0,0.0861321918748892,0.0558612440191388,18.3939393939394,2.96212121212121,1.73257575757576,0.0289235756761566,2,-2.80631438151643,-3.72823434952558,-1.88439441350729
1,0,0.0861321918748892,0.0558612440191388,18.3939393939394,2.96212121212121,1.73257575757576,0.0289235756761566,2,-2.08998816434345,-2.86895570606544,-1.31102062262146
0,1,0.0861321918748892,0.0558612440191388,18.3939393939394,2.96212121212121,1.73257575757576,0.0289235756761566,2,-2.72191006339187,-3.63535255926604,-1.8084675675177
1,1,0.0861321918748892,0.0558612440191388,18.3939393939394,2.96212121212121,1.73257575757576,0.0289235756761566,2,-2.49151115264072,-3.2848491375605,-1.69817316772095
