"bot_interaction","after","interaction_senti","user_interaction_opinion","retweet_count_original","like_count_interaction","astroturf_score_bot","burstiness","topic","ols_pred","ols_low","ols_up"
0,0,-0.0102986344537815,-0.334490351696234,24.921568627451,1.72549019607843,2.13725490196078,0.1513812459241,1,-1.3453753453321,-1.87654248993799,-0.814208200726201
1,0,-0.0102986344537815,-0.334490351696234,24.921568627451,1.72549019607843,2.13725490196078,0.1513812459241,1,-0.089092133978418,-0.354659236182158,0.176474968225322
0,1,-0.0102986344537815,-0.334490351696234,24.921568627451,1.72549019607843,2.13725490196078,0.1513812459241,1,-1.49840529374294,-2.04838203794342,-0.948428549542457
1,1,-0.0102986344537815,-0.334490351696234,24.921568627451,1.72549019607843,2.13725490196078,0.1513812459241,1,-0.262125367437046,-0.530829181956024,0.00657844708193239
