"bot_interaction","after","interaction_senti","user_interaction_opinion","retweet_count_original","like_count_interaction","astroturf_score_bot","burstiness","topic","ols_pred","ols_low","ols_up"
0,0,0.0861321918748892,0.0558612440191388,18.3939393939394,2.96212121212121,1.73257575757576,0.0289235756761566,1,-2.23229715268308,-2.87674795619103,-1.58784634917512
1,0,0.0861321918748892,0.0558612440191388,18.3939393939394,2.96212121212121,1.73257575757576,0.0289235756761566,1,-1.5391572250583,-2.12343415175823,-0.954880298358362
0,1,0.0861321918748892,0.0558612440191388,18.3939393939394,2.96212121212121,1.73257575757576,0.0289235756761566,1,-2.19952815146836,-2.84435740063724,-1.55469890229948
1,1,0.0861321918748892,0.0558612440191388,18.3939393939394,2.96212121212121,1.73257575757576,0.0289235756761566,1,-1.24315899517334,-1.82475197843988,-0.66156601190681
