"bot_interaction","after","interaction_senti","user_interaction_opinion","retweet_count_original","like_count_interaction","astroturf_score_bot","burstiness","topic","ols_pred","ols_low","ols_up"
0,0,-0.0102986344537815,-0.334490351696234,24.921568627451,1.72549019607843,2.13725490196078,0.1513812459241,1,-0.845429352587557,-1.23220887639517,-0.458649828779944
1,0,-0.0102986344537815,-0.334490351696234,24.921568627451,1.72549019607843,2.13725490196078,0.1513812459241,1,0.480695711938631,0.260056643330773,0.701334780546489
0,1,-0.0102986344537815,-0.334490351696234,24.921568627451,1.72549019607843,2.13725490196078,0.1513812459241,1,-1.25217380551807,-1.67258298804841,-0.831764622987725
1,1,-0.0102986344537815,-0.334490351696234,24.921568627451,1.72549019607843,2.13725490196078,0.1513812459241,1,0.229652957658839,0.0065348905263124,0.452771024791366
