"bot_interaction","after","interaction_senti","retweet_count_original","like_count_interaction","burstiness","topic","ols_pred","ols_low","ols_up"
0,0,0.108011098854309,14.483282674772,2.86626139817629,0.00280111315372819,1,-0.0788371854731342,-0.122280092511794,-0.0353942784344744
1,0,0.108011098854309,14.483282674772,2.86626139817629,0.00280111315372819,1,-0.0464207220478868,-0.0910646919101091,-0.00177675218566457
0,1,0.108011098854309,14.483282674772,2.86626139817629,0.00280111315372819,1,0.0309321565444943,-0.0125107504941659,0.0743750635831544
1,1,0.108011098854309,14.483282674772,2.86626139817629,0.00280111315372819,1,-0.0147826936967856,-0.0594266635590073,0.029861276165436
