"bot_interaction","after","interaction_senti","retweet_count_original","like_count_interaction","burstiness","topic","ols_pred","ols_low","ols_up"
0,0,0.108011098854309,14.483282674772,2.86626139817629,0.00280111315372819,1,-0.699242872935165,-0.93585511196594,-0.46263063390439
1,0,0.108011098854309,14.483282674772,2.86626139817629,0.00280111315372819,1,-0.444881478527467,-0.683280690025603,-0.20648226702933
0,1,0.108011098854309,14.483282674772,2.86626139817629,0.00280111315372819,1,-0.585866288345605,-0.821273444441111,-0.350459132250099
1,1,0.108011098854309,14.483282674772,2.86626139817629,0.00280111315372819,1,-0.609576754976963,-0.849436907199355,-0.369716602754571
