"bot_interaction","after","interaction_senti","user_interaction_opinion","retweet_count_original","like_count_interaction","astroturf_score_bot","burstiness","topic","ols_pred","ols_low","ols_up"
0,0,0.101659438378925,0.186116750509043,18.2252964426877,2.60474308300395,2.04466403162055,-0.0730008985255684,1,-0.478093751878083,-0.70359191540794,-0.252595588348227
1,0,0.101659438378925,0.186116750509043,18.2252964426877,2.60474308300395,2.04466403162055,-0.0730008985255684,1,-1.30762286259349,-1.55133643654521,-1.06390928864176
0,1,0.101659438378925,0.186116750509043,18.2252964426877,2.60474308300395,2.04466403162055,-0.0730008985255684,1,-0.472426737288714,-0.697885814070999,-0.246967660506429
1,1,0.101659438378925,0.186116750509043,18.2252964426877,2.60474308300395,2.04466403162055,-0.0730008985255684,1,-1.22503095116474,-1.46810100183522,-0.981960900494263
