"bot_interaction","after","interaction_senti","user_interaction_opinion","retweet_count_original","like_count_interaction","astroturf_score_bot","burstiness","topic","ols_pred","ols_low","ols_up"
0,0,-0.0102986344537815,-0.334490351696234,24.921568627451,1.72549019607843,2.13725490196078,0.1513812459241,1,-0.0177087128154274,-0.0688102580695874,0.0333928324387327
1,0,-0.0102986344537815,-0.334490351696234,24.921568627451,1.72549019607843,2.13725490196078,0.1513812459241,1,0.0329269658974641,-0.00539456799849702,0.0712484997934252
0,1,-0.0102986344537815,-0.334490351696234,24.921568627451,1.72549019607843,2.13725490196078,0.1513812459241,1,-0.0718391017043235,-0.122940646958485,-0.0207375564501616
1,1,-0.0102986344537815,-0.334490351696234,24.921568627451,1.72549019607843,2.13725490196078,0.1513812459241,1,0.0147433058123295,-0.023578228083631,0.0530648397082901
