"bot_interaction","after","interaction_senti","user_interaction_opinion","retweet_count_original","like_count_interaction","astroturf_score_bot","burstiness","topic","ols_pred","ols_low","ols_up"
0,0,0.0861321918748892,0.0558612440191388,18.3939393939394,2.96212121212121,1.73257575757576,0.0289235756761566,1,-0.0119124805728305,-0.0898259030568269,0.066000941911166
1,0,0.0861321918748892,0.0558612440191388,18.3939393939394,2.96212121212121,1.73257575757576,0.0289235756761566,1,-0.00212359264284687,-0.082491131091565,0.0782439458058712
0,1,0.0861321918748892,0.0558612440191388,18.3939393939394,2.96212121212121,1.73257575757576,0.0289235756761566,1,0.315801201966851,0.237887779482853,0.393714624450849
1,1,0.0861321918748892,0.0558612440191388,18.3939393939394,2.96212121212121,1.73257575757576,0.0289235756761566,1,0.046462584311886,-0.0339049541368319,0.126830122760604
