"bot_interaction","after","interaction_senti","user_interaction_opinion","retweet_count_original","like_count_interaction","astroturf_score_bot","burstiness","topic","ols_pred","ols_low","ols_up"
0,0,0.101659438378925,0.186116750509043,18.2252964426877,2.60474308300395,2.04466403162055,-0.0730008985255684,1,-0.207601464223996,-0.243640717093124,-0.171562211354869
1,0,0.101659438378925,0.186116750509043,18.2252964426877,2.60474308300395,2.04466403162055,-0.0730008985255684,1,-0.114153422828675,-0.152355763446173,-0.0759510822111762
0,1,0.101659438378925,0.186116750509043,18.2252964426877,2.60474308300395,2.04466403162055,-0.0730008985255684,1,-0.143345591270658,-0.179384844139785,-0.10730633840153
1,1,0.101659438378925,0.186116750509043,18.2252964426877,2.60474308300395,2.04466403162055,-0.0730008985255684,1,-0.120034953896229,-0.158237294513727,-0.0818326132787304
