"bot_interaction","after","interaction_senti","retweet_count_original","like_count_interaction","burstiness","topic","ols_pred","ols_low","ols_up"
0,0,0.00318465189873417,30.4810126582278,1.79113924050633,-0.00209348786832633,1,-0.146279913905168,-0.181485872228702,-0.111073955581634
1,0,0.00318465189873417,30.4810126582278,1.79113924050633,-0.00209348786832633,1,-0.0493890590437353,-0.0790139212788232,-0.0197641968086474
0,1,0.00318465189873417,30.4810126582278,1.79113924050633,-0.00209348786832633,1,-0.0415481072245364,-0.0767540655480696,-0.0063421489010033
1,1,0.00318465189873417,30.4810126582278,1.79113924050633,-0.00209348786832633,1,-0.051651554906196,-0.081276417141284,-0.022026692671108
