"bot_interaction","after","interaction_senti","retweet_count_original","like_count_interaction","burstiness","topic","ols_pred","ols_low","ols_up"
0,0,0.108011098854309,14.483282674772,2.86626139817629,0.00280111315372819,1,-0.0389086203646045,-0.0716839123498408,-0.00613332837936825
1,0,0.108011098854309,14.483282674772,2.86626139817629,0.00280111315372819,1,0.0278044370362079,-0.00400464311275556,0.0596135171851714
0,1,0.108011098854309,14.483282674772,2.86626139817629,0.00280111315372819,1,0.0434778278949222,0.0107025359096876,0.0762531198801568
1,1,0.108011098854309,14.483282674772,2.86626139817629,0.00280111315372819,1,0.0052516375926781,-0.0265574425562857,0.0370607177416419
