"bot_interaction","after","interaction_senti","user_interaction_opinion","retweet_count_original","like_count_interaction","astroturf_score_bot","burstiness","topic","ols_pred","ols_low","ols_up"
0,0,-0.0102986344537815,-0.334490351696234,24.921568627451,1.72549019607843,2.13725490196078,0.1513812459241,1,-0.097038488986287,-0.17121283225109,-0.0228641457214838
1,0,-0.0102986344537815,-0.334490351696234,24.921568627451,1.72549019607843,2.13725490196078,0.1513812459241,1,-0.034362459560284,-0.0875038605914565,0.0187789414708885
0,1,-0.0102986344537815,-0.334490351696234,24.921568627451,1.72549019607843,2.13725490196078,0.1513812459241,1,0.00231032053751357,-0.0718640227272909,0.076484663802318
1,1,-0.0102986344537815,-0.334490351696234,24.921568627451,1.72549019607843,2.13725490196078,0.1513812459241,1,-0.0338118638712498,-0.0869532649024221,0.0193295371599224
