"bot_interaction","after","interaction_senti","retweet_count_original","like_count_interaction","burstiness","topic","ols_pred","ols_low","ols_up"
0,0,0.108011098854309,14.483282674772,2.86626139817629,0.00280111315372819,2,-0.610264328482386,-0.87521139369164,-0.345317263273132
1,0,0.108011098854309,14.483282674772,2.86626139817629,0.00280111315372819,2,-0.801662748235488,-1.13561943665885,-0.467706059812126
0,1,0.108011098854309,14.483282674772,2.86626139817629,0.00280111315372819,2,-0.491705686507078,-0.756652751716332,-0.226758621297824
1,1,0.108011098854309,14.483282674772,2.86626139817629,0.00280111315372819,2,-1.05710608156882,-1.39106276999219,-0.723149393145459
